audit_id,state,state_source,district,financial_year,scheme,issue_type,severity,amount,source_pdf
JHR-Report-No.-5-of-2026---English-06a7d9dac5c2060.62464848#p5#0,JHARKHAND,paragraph,UNKNOWN,2026,UNKNOWN,underutilization,MEDIUM,,JHR-Report-No.-5-of-2026---English-06a7d9dac5c2060.62464848.pdf
JHR-Report-No.-5-of-2026---English-06a7d9dac5c2060.62464848#p7#1,JHARKHAND,document,UNKNOWN,2019,UNKNOWN,delay,MEDIUM,,JHR-Report-No.-5-of-2026---English-06a7d9dac5c2060.62464848.pdf
JHR-Report-No.-5-of-2026---English-06a7d9dac5c2060.62464848#p8#2,JHARKHAND,document,GUMLA,2019,UNKNOWN,overpayment,UNKNOWN,,JHR-Report-No.-5-of-2026---English-06a7d9dac5c2060.62464848.pdf
JHR-Report-No.-5-of-2026---English-06a7d9dac5c2060.62464848#p16#3,JHARKHAND,document,UNKNOWN,2019,UNKNOWN,delay,MEDIUM,3261999.9999999995,JHR-Report-No.-5-of-2026---English-06a7d9dac5c2060.62464848.pdf
JHR-Report-No.-5-of-2026---English-06a7d9dac5c2060.62464848#p17#4,JHARKHAND,document,UNKNOWN,2026,UNKNOWN,overpayment,MEDIUM,,JHR-Report-No.-5-of-2026---English-06a7d9dac5c2060.62464848.pdf
JHR-Report-No.-5-of-2026---English-06a7d9dac5c2060.62464848#p19#5,JHARKHAND,paragraph,UNKNOWN,2025,UNKNOWN,delay,MEDIUM,,JHR-Report-No.-5-of-2026---English-06a7d9dac5c2060.62464848.pdf
JHR-Report-No.-5-of-2026---English-06a7d9dac5c2060.62464848#p20#6,JHARKHAND,document,UNKNOWN,2019,UNKNOWN,overpayment,UNKNOWN,271300000.0,JHR-Report-No.-5-of-2026---English-06a7d9dac5c2060.62464848.pdf
JHR-Report-No.-5-of-2026---English-06a7d9dac5c2060.62464848#p25#7,JHARKHAND,paragraph,UNKNOWN,2005,UNKNOWN,delay,UNKNOWN,,JHR-Report-No.-5-of-2026---English-06a7d9dac5c2060.62464848.pdf
JHR-Report-No.-5-of-2026---English-06a7d9dac5c2060.62464848#p28#8,JHARKHAND,paragraph,UNKNOWN,2019,UNKNOWN,delay,UNKNOWN,,JHR-Report-No.-5-of-2026---English-06a7d9dac5c2060.62464848.pdf
JHR-Report-No.-5-of-2026---English-06a7d9dac5c2060.62464848#p34#9,JHARKHAND,document,GIRIDIH,2019,UNKNOWN,delay,MEDIUM,,JHR-Report-No.-5-of-2026---English-06a7d9dac5c2060.62464848.pdf
JHR-Report-No.-5-of-2026---English-06a7d9dac5c2060.62464848#p35#10,JHARKHAND,paragraph,UNKNOWN,2019,UNKNOWN,underutilization,UNKNOWN,,JHR-Report-No.-5-of-2026---English-06a7d9dac5c2060.62464848.pdf
JHR-Report-No.-5-of-2026---English-06a7d9dac5c2060.62464848#p36#11,JHARKHAND,paragraph,UNKNOWN,2019,UNKNOWN,delay,UNKNOWN,185588000000.0,JHR-Report-No.-5-of-2026---English-06a7d9dac5c2060.62464848.pdf
JHR-Report-No.-5-of-2026---English-06a7d9dac5c2060.62464848#p37#12,JHARKHAND,paragraph,UNKNOWN,2019,UNKNOWN,delay,UNKNOWN,,JHR-Report-No.-5-of-2026---English-06a7d9dac5c2060.62464848.pdf
JHR-Report-No.-5-of-2026---English-06a7d9dac5c2060.62464848#p40#13,JHARKHAND,document,UNKNOWN,2019,UNKNOWN,delay,UNKNOWN,2310900000.0,JHR-Report-No.-5-of-2026---English-06a7d9dac5c2060.62464848.pdf
JHR-Report-No.-5-of-2026---English-06a7d9dac5c2060.62464848#p41#14,JHARKHAND,paragraph,UNKNOWN,2019,UNKNOWN,delay,UNKNOWN,505075.0,JHR-Report-No.-5-of-2026---English-06a7d9dac5c2060.62464848.pdf
JHR-Report-No.-5-of-2026---English-06a7d9dac5c2060.62464848#p42#15,JHARKHAND,document,GARHWA,2019,UNKNOWN,underutilization,MEDIUM,364700000.0,JHR-Report-No.-5-of-2026---English-06a7d9dac5c2060.62464848.pdf
JHR-Report-No.-5-of-2026---English-06a7d9dac5c2060.62464848#p44#16,JHARKHAND,document,GARHWA,2019,UNKNOWN,delay,UNKNOWN,,JHR-Report-No.-5-of-2026---English-06a7d9dac5c2060.62464848.pdf
JHR-Report-No.-5-of-2026---English-06a7d9dac5c2060.62464848#p45#17,JHARKHAND,paragraph,UNKNOWN,2025,UNKNOWN,delay,UNKNOWN,,JHR-Report-No.-5-of-2026---English-06a7d9dac5c2060.62464848.pdf
JHR-Report-No.-5-of-2026---English-06a7d9dac5c2060.62464848#p49#18,JHARKHAND,paragraph,GARHWA,2019,UNKNOWN,overpayment,UNKNOWN,1006000.0,JHR-Report-No.-5-of-2026---English-06a7d9dac5c2060.62464848.pdf
JHR-Report-No.-5-of-2026---English-06a7d9dac5c2060.62464848#p50#19,JHARKHAND,document,GARHWA,2025,UNKNOWN,overpayment,HIGH,49000.0,JHR-Report-No.-5-of-2026---English-06a7d9dac5c2060.62464848.pdf
JHR-Report-No.-5-of-2026---English-06a7d9dac5c2060.62464848#p59#20,JHARKHAND,paragraph,GUMLA,2019,UNKNOWN,delay,MEDIUM,,JHR-Report-No.-5-of-2026---English-06a7d9dac5c2060.62464848.pdf
JHR-Report-No.-5-of-2026---English-06a7d9dac5c2060.62464848#p64#21,JHARKHAND,document,GARHWA,2026,UNKNOWN,delay,MEDIUM,,JHR-Report-No.-5-of-2026---English-06a7d9dac5c2060.62464848.pdf
JHR-Report-No.-5-of-2026---English-06a7d9dac5c2060.62464848#p65#22,JHARKHAND,paragraph,UNKNOWN,2026,UNKNOWN,delay,MEDIUM,,JHR-Report-No.-5-of-2026---English-06a7d9dac5c2060.62464848.pdf
JHR-Report-No.-5-of-2026---English-06a7d9dac5c2060.62464848#p73#23,JHARKHAND,paragraph,UNKNOWN,2019,UNKNOWN,underutilization,UNKNOWN,114686299999.99998,JHR-Report-No.-5-of-2026---English-06a7d9dac5c2060.62464848.pdf
JHR-Report-No.-5-of-2026---English-06a7d9dac5c2060.62464848#p74#24,JHARKHAND,paragraph,UNKNOWN,2019,UNKNOWN,underutilization,MEDIUM,59174600000.0,JHR-Report-No.-5-of-2026---English-06a7d9dac5c2060.62464848.pdf
JHR-Report-No.-5-of-2026---English-06a7d9dac5c2060.62464848#p84#25,JHARKHAND,document,HAZARIBAGH,2021,UNKNOWN,delay,UNKNOWN,,JHR-Report-No.-5-of-2026---English-06a7d9dac5c2060.62464848.pdf
JHR-Report-No.-5-of-2026---English-06a7d9dac5c2060.62464848#p89#26,JHARKHAND,paragraph,HYDERABAD,2025,UNKNOWN,delay,UNKNOWN,71278000000.0,JHR-Report-No.-5-of-2026---English-06a7d9dac5c2060.62464848.pdf
JHR-Report-No.-5-of-2026---English-06a7d9dac5c2060.62464848#p94#27,JHARKHAND,document,UNKNOWN,2024,UNKNOWN,overpayment,MEDIUM,1186000000.0,JHR-Report-No.-5-of-2026---English-06a7d9dac5c2060.62464848.pdf
JHR-Report-No.-5-of-2026---English-06a7d9dac5c2060.62464848#p95#28,JHARKHAND,paragraph,UNKNOWN,2021,UNKNOWN,delay,UNKNOWN,940300000.0,JHR-Report-No.-5-of-2026---English-06a7d9dac5c2060.62464848.pdf
JHR-Report-No.-5-of-2026---English-06a7d9dac5c2060.62464848#p98#29,JHARKHAND,document,HAZARIBAGH,2024,UNKNOWN,delay,MEDIUM,18800000.0,JHR-Report-No.-5-of-2026---English-06a7d9dac5c2060.62464848.pdf
JHR-Report-No.-5-of-2026---English-06a7d9dac5c2060.62464848#p99#30,JHARKHAND,paragraph,DHANBAD,2025,UNKNOWN,overpayment,UNKNOWN,154500000.0,JHR-Report-No.-5-of-2026---English-06a7d9dac5c2060.62464848.pdf
JHR-Report-No.-5-of-2026---English-06a7d9dac5c2060.62464848#p100#31,JHARKHAND,document,UNKNOWN,2021,UNKNOWN,delay,UNKNOWN,1585000000.0,JHR-Report-No.-5-of-2026---English-06a7d9dac5c2060.62464848.pdf
JHR-Report-No.-5-of-2026---English-06a7d9dac5c2060.62464848#p103#32,JHARKHAND,paragraph,KODERMA,2023,UNKNOWN,overpayment,UNKNOWN,261500000.0,JHR-Report-No.-5-of-2026---English-06a7d9dac5c2060.62464848.pdf
JHR-Report-No.-5-of-2026---English-06a7d9dac5c2060.62464848#p104#33,JHARKHAND,document,KHUNTI,2023,UNKNOWN,delay,UNKNOWN,132000000.0,JHR-Report-No.-5-of-2026---English-06a7d9dac5c2060.62464848.pdf
JHR-Report-No.-5-of-2026---English-06a7d9dac5c2060.62464848#p112#34,JHARKHAND,document,DHANBAD,2025,UNKNOWN,delay,UNKNOWN,,JHR-Report-No.-5-of-2026---English-06a7d9dac5c2060.62464848.pdf
JHR-Report-No.-5-of-2026---English-06a7d9dac5c2060.62464848#p129#35,JHARKHAND,document,GARHWA,2026,UNKNOWN,delay,UNKNOWN,,JHR-Report-No.-5-of-2026---English-06a7d9dac5c2060.62464848.pdf
JHR-Report-No.-5-of-2026---English-06a7d9dac5c2060.62464848#p138#36,JHARKHAND,document,UNKNOWN,2022,UNKNOWN,overpayment,UNKNOWN,,JHR-Report-No.-5-of-2026---English-06a7d9dac5c2060.62464848.pdf
Report-No-05-J&amp;K-PSU-English_20-11-2025-signed-069cabdefec7a77.69528722#p13#0,UNKNOWN,none,UNKNOWN,2021,UNKNOWN,delay,UNKNOWN,2017.0,Report-No-05-J&amp;K-PSU-English_20-11-2025-signed-069cabdefec7a77.69528722.pdf
Report-No-05-J&amp;K-PSU-English_20-11-2025-signed-069cabdefec7a77.69528722#p24#1,UNKNOWN,none,UNKNOWN,2022,UNKNOWN,overpayment,MEDIUM,,Report-No-05-J&amp;K-PSU-English_20-11-2025-signed-069cabdefec7a77.69528722.pdf
Report-No-05-J&amp;K-PSU-English_20-11-2025-signed-069cabdefec7a77.69528722#p34#2,UNKNOWN,none,UNKNOWN,2017,UNKNOWN,delay,HIGH,2017.0,Report-No-05-J&amp;K-PSU-English_20-11-2025-signed-069cabdefec7a77.69528722.pdf
Report-No-05-J&amp;K-PSU-English_20-11-2025-signed-069cabdefec7a77.69528722#p39#3,UNKNOWN,none,BARAMULLA,2017,UNKNOWN,delay,UNKNOWN,,Report-No-05-J&amp;K-PSU-English_20-11-2025-signed-069cabdefec7a77.69528722.pdf
Report-No-05-J&amp;K-PSU-English_20-11-2025-signed-069cabdefec7a77.69528722#p41#4,UNKNOWN,none,BARAMULLA,2017,UNKNOWN,delay,UNKNOWN,,Report-No-05-J&amp;K-PSU-English_20-11-2025-signed-069cabdefec7a77.69528722.pdf
Report-No-05-J&amp;K-PSU-English_20-11-2025-signed-069cabdefec7a77.69528722#p44#5,UNKNOWN,none,UNKNOWN,2022,UNKNOWN,delay,UNKNOWN,13308900000.000002,Report-No-05-J&amp;K-PSU-English_20-11-2025-signed-069cabdefec7a77.69528722.pdf
Report-No-05-J&amp;K-PSU-English_20-11-2025-signed-069cabdefec7a77.69528722#p45#6,UNKNOWN,none,UNKNOWN,2022,UNKNOWN,delay,UNKNOWN,,Report-No-05-J&amp;K-PSU-English_20-11-2025-signed-069cabdefec7a77.69528722.pdf
Report-No-05-J&amp;K-PSU-English_20-11-2025-signed-069cabdefec7a77.69528722#p49#7,UNKNOWN,none,JAMMU,2017,UNKNOWN,delay,UNKNOWN,36800000.0,Report-No-05-J&amp;K-PSU-English_20-11-2025-signed-069cabdefec7a77.69528722.pdf
Report-No-05-J&amp;K-PSU-English_20-11-2025-signed-069cabdefec7a77.69528722#p54#8,UNKNOWN,none,JAMMU,2017,UNKNOWN,delay,UNKNOWN,,Report-No-05-J&amp;K-PSU-English_20-11-2025-signed-069cabdefec7a77.69528722.pdf
Report-No-05-J&amp;K-PSU-English_20-11-2025-signed-069cabdefec7a77.69528722#p55#9,UNKNOWN,none,KATHUA,2017,UNKNOWN,delay,UNKNOWN,,Report-No-05-J&amp;K-PSU-English_20-11-2025-signed-069cabdefec7a77.69528722.pdf
Report-No-05-J&amp;K-PSU-English_20-11-2025-signed-069cabdefec7a77.69528722#p58#10,JAMMU AND KASHMIR,paragraph,JAMMU,2017,UNKNOWN,delay,UNKNOWN,,Report-No-05-J&amp;K-PSU-English_20-11-2025-signed-069cabdefec7a77.69528722.pdf
Report-No-05-J&amp;K-PSU-English_20-11-2025-signed-069cabdefec7a77.69528722#p59#11,UNKNOWN,none,UNKNOWN,2017,UNKNOWN,delay,UNKNOWN,,Report-No-05-J&amp;K-PSU-English_20-11-2025-signed-069cabdefec7a77.69528722.pdf
Report-No-05-J&amp;K-PSU-English_20-11-2025-signed-069cabdefec7a77.69528722#p80#12,JAMMU AND KASHMIR,paragraph,JAMMU,2022,UNKNOWN,delay,UNKNOWN,,Report-No-05-J&amp;K-PSU-English_20-11-2025-signed-069cabdefec7a77.69528722.pdf
Report-No-05-J&amp;K-PSU-English_20-11-2025-signed-069cabdefec7a77.69528722#p83#13,JAMMU AND KASHMIR,paragraph,JAMMU,2015,UNKNOWN,delay,MEDIUM,,Report-No-05-J&amp;K-PSU-English_20-11-2025-signed-069cabdefec7a77.69528722.pdf
Report-No-05-J&amp;K-PSU-English_20-11-2025-signed-069cabdefec7a77.69528722#p97#14,UNKNOWN,none,UNKNOWN,2022,UNKNOWN,delay,MEDIUM,,Report-No-05-J&amp;K-PSU-English_20-11-2025-signed-069cabdefec7a77.69528722.pdf
Report-No-05-J&amp;K-PSU-English_20-11-2025-signed-069cabdefec7a77.69528722#p104#15,UNKNOWN,none,BARAMULLA,2022,UNKNOWN,delay,UNKNOWN,,Report-No-05-J&amp;K-PSU-English_20-11-2025-signed-069cabdefec7a77.69528722.pdf
Report-No-05-J&amp;K-PSU-English_20-11-2025-signed-069cabdefec7a77.69528722#p105#16,UNKNOWN,none,ANANTNAG,2022,UNKNOWN,delay,UNKNOWN,,Report-No-05-J&amp;K-PSU-English_20-11-2025-signed-069cabdefec7a77.69528722.pdf
Report-No-05-J&amp;K-PSU-English_20-11-2025-signed-069cabdefec7a77.69528722#p106#17,UNKNOWN,none,ANANTNAG,2022,UNKNOWN,delay,UNKNOWN,,Report-No-05-J&amp;K-PSU-English_20-11-2025-signed-069cabdefec7a77.69528722.pdf
Report-No-05-J&amp;K-PSU-English_20-11-2025-signed-069cabdefec7a77.69528722#p110#18,UNKNOWN,none,BANDIPORA,2022,UNKNOWN,delay,UNKNOWN,,Report-No-05-J&amp;K-PSU-English_20-11-2025-signed-069cabdefec7a77.69528722.pdf
Report-No-05-J&amp;K-PSU-English_20-11-2025-signed-069cabdefec7a77.69528722#p117#19,UNKNOWN,none,JAMMU,2022,UNKNOWN,delay,UNKNOWN,,Report-No-05-J&amp;K-PSU-English_20-11-2025-signed-069cabdefec7a77.69528722.pdf
Report-No-05-J&amp;K-PSU-English_20-11-2025-signed-069cabdefec7a77.69528722#p118#20,UNKNOWN,none,BARAMULLA,2020,UNKNOWN,delay,UNKNOWN,,Report-No-05-J&amp;K-PSU-English_20-11-2025-signed-069cabdefec7a77.69528722.pdf
SFAR 2020-21_Report No. 1 of 2022_(06-07-2022)-063382d7b6c0725.98973622#p6#0,UNKNOWN,none,UNKNOWN,2021,UNKNOWN,delay,HIGH,,SFAR 2020-21_Report No. 1 of 2022_(06-07-2022)-063382d7b6c0725.98973622.pdf
SFAR 2020-21_Report No. 1 of 2022_(06-07-2022)-063382d7b6c0725.98973622#p21#1,NAGALAND,paragraph,UNKNOWN,2020,UNKNOWN,delay,LOW,784700000.0,SFAR 2020-21_Report No. 1 of 2022_(06-07-2022)-063382d7b6c0725.98973622.pdf
SFAR 2020-21_Report No. 1 of 2022_(06-07-2022)-063382d7b6c0725.98973622#p49#2,NAGALAND,paragraph,UNKNOWN,2020,UNKNOWN,delay,MEDIUM,4325400000.0,SFAR 2020-21_Report No. 1 of 2022_(06-07-2022)-063382d7b6c0725.98973622.pdf
SFAR 2020-21_Report No. 1 of 2022_(06-07-2022)-063382d7b6c0725.98973622#p68#3,NAGALAND,paragraph,UNKNOWN,2003,UNKNOWN,delay,UNKNOWN,303700000.0,SFAR 2020-21_Report No. 1 of 2022_(06-07-2022)-063382d7b6c0725.98973622.pdf
SFAR 2020-21_Report No. 1 of 2022_(06-07-2022)-063382d7b6c0725.98973622#p71#4,UNKNOWN,none,UNKNOWN,2020,UNKNOWN,overpayment,LOW,1245100000.0,SFAR 2020-21_Report No. 1 of 2022_(06-07-2022)-063382d7b6c0725.98973622.pdf
SFAR 2020-21_Report No. 1 of 2022_(06-07-2022)-063382d7b6c0725.98973622#p115#5,NAGALAND,paragraph,UNKNOWN,2020,UNKNOWN,delay,HIGH,,SFAR 2020-21_Report No. 1 of 2022_(06-07-2022)-063382d7b6c0725.98973622.pdf
SFAR 2020-21_Report No. 1 of 2022_(06-07-2022)-063382d7b6c0725.98973622#p127#6,NAGALAND,paragraph,KOHIMA,2019,UNKNOWN,delay,MEDIUM,,SFAR 2020-21_Report No. 1 of 2022_(06-07-2022)-063382d7b6c0725.98973622.pdf
SFAR 2020-21_Report No. 1 of 2022_(06-07-2022)-063382d7b6c0725.98973622#p128#7,NAGALAND,paragraph,KOHIMA,2017,UNKNOWN,delay,UNKNOWN,2015.0,SFAR 2020-21_Report No. 1 of 2022_(06-07-2022)-063382d7b6c0725.98973622.pdf
SFAR 2020-21_Report No. 1 of 2022_(06-07-2022)-063382d7b6c0725.98973622#p129#8,DELHI,paragraph,KOLKATA,2019,UNKNOWN,delay,UNKNOWN,1000000.0,SFAR 2020-21_Report No. 1 of 2022_(06-07-2022)-063382d7b6c0725.98973622.pdf
SFAR 2020-21_Report No. 1 of 2022_(06-07-2022)-063382d7b6c0725.98973622#p130#9,NAGALAND,paragraph,UNKNOWN,2020,UNKNOWN,delay,HIGH,,SFAR 2020-21_Report No. 1 of 2022_(06-07-2022)-063382d7b6c0725.98973622.pdf
SFAR 2020-21_Report No. 1 of 2022_(06-07-2022)-063382d7b6c0725.98973622#p131#10,NAGALAND,paragraph,UNKNOWN,2021,UNKNOWN,delay,HIGH,2439800000.0,SFAR 2020-21_Report No. 1 of 2022_(06-07-2022)-063382d7b6c0725.98973622.pdf
SFAR 2020-21_Report No. 1 of 2022_(06-07-2022)-063382d7b6c0725.98973622#p133#11,NAGALAND,paragraph,UNKNOWN,2020,UNKNOWN,delay,LOW,12306400000.000002,SFAR 2020-21_Report No. 1 of 2022_(06-07-2022)-063382d7b6c0725.98973622.pdf
